Tier,Street,City,State
Tier0,2380 Performance dr,richardson,TX
Tier0,16001 N Dallas PKWY,Addison,TX
Tier0,6400 Legacy DR,Plano,TX
Tier0,222 Broadway,New York.NY
Tier0,95 Greene St,Jersey City,NJ
Tier0,101 Hudson St,Jersey City,NJ
Tier0,250 Vesey St,New York,NY
Tier1,2000 Clayton Rd,Concord,CA
Tier1,450 American St,Simi Valley,CA
Tier0,101 N Tryon St,Charlotte,NC
Tier0,901 W trade St,charlotte,NC
Tier2,9000 Soutside Blvd bldg400,Jacksonville,FL
Tier2,8001 Villa Park Dr,Richmond,VA
TierX,69 State St,Albany,NY
TierX,900 Samoset Dr,Newark,DE
TierX,225 N 9th St,Boise,ID
TierX,600 Rockmead dr,Kingwood,TX
TierX,901 Main St,Dallas,TX
